Category	Prop._SNPs	Prop._h2	Prop._h2_std_error	Enrichment	Enrichment_std_error	Enrichment_p	Coefficient	Coefficient_std_error	Coefficient_z-score
CGE	0.007631905137910262	0.18520609940283575	0.02144271577508067	24.267348198925355	2.8096150813729888	2.9300431430804933e-14	1.1538088892611132e-06	1.5495573781435802e-07	7.446054631700141
LGE	0.010289777541582099	0.2082299330136029	0.02390627657089905	20.23658258617578	2.323303538321525	1.6052569804289303e-13	9.184128360293141e-07	1.2702616424358688e-07	7.230107604195264
MGE	0.014468327383986906	0.24044951256017455	0.0259797565405378	16.619026248071812	1.7956295742444552	1.661507205120398e-14	7.741527208080307e-07	1.0210379069393355e-07	7.582017430955447
