Category	Prop._SNPs	Prop._h2	Prop._h2_std_error	Enrichment	Enrichment_std_error	Enrichment_p	Coefficient	Coefficient_std_error	Coefficient_z-score
CGE	0.007631905137910262	0.08461642183653982	0.02043895565626221	11.087195177023538	2.6780935149121525	0.0002699418132665689	2.6596508433456043e-08	2.6007547742558224e-08	1.0226457602511312
LGE	0.010289777541582099	0.14593307912430792	0.024969818532778153	14.182335675827455	2.42666262043785	8.07440903210361e-08	5.465187391919635e-08	2.342990194234161e-08	2.332569468437749
MGE	0.014468327383986906	0.1711378018339661	0.026217976566709454	11.828444110504169	1.8120945062196128	1.8373831870860135e-08	3.954384909730473e-08	2.099157938476639e-08	1.88379580080581
