Category	Prop._SNPs	Prop._h2	Prop._h2_std_error	Enrichment	Enrichment_std_error	Enrichment_p	Coefficient	Coefficient_std_error	Coefficient_z-score
CGE	0.029448467990872244	0.3380230320069091	0.032455722567966104	11.478458985088176	1.102119219852998	1.7995585890054094e-16	3.5436834952879977e-07	6.045250850790355e-08	5.861929608470585
LGE	0.029448467990872244	0.3434420780238701	0.03299381786353368	11.662476911543322	1.1203916575137403	1.9966300986589478e-16	3.439575768730213e-07	7.00271647097025e-08	4.911773570997725
MGE	0.029448467990872244	0.32779023914300026	0.032476556295803774	11.130977653730616	1.1028266837470155	1.3599266394767225e-15	2.8244843674009206e-07	6.883859002736285e-08	4.1030537759100065
