Category	Prop._SNPs	Prop._h2	Prop._h2_std_error	Enrichment	Enrichment_std_error	Enrichment_p	Coefficient	Coefficient_std_error	Coefficient_z-score
CGE	0.007631905137910262	0.12451501229533223	0.021056931945933315	16.31506288997539	2.759066257432419	2.864465970520778e-08	8.752377021839123e-08	3.3869294640143964e-08	2.5841627689126034
LGE	0.010289777541582099	0.19674265799475252	0.025453712759107877	19.120205193911556	2.4736893150747608	4.78081251672892e-12	1.3505322261937502e-07	3.123120322098774e-08	4.324304179501405
MGE	0.014468327383986906	0.18333024177169222	0.024498679610228474	12.671142759362525	1.6932627359084265	6.367740155016766e-11	5.065997426753867e-08	2.746878405324205e-08	1.8442743650154199
