Category	Prop._SNPs	Prop._h2	Prop._h2_std_error	Enrichment	Enrichment_std_error	Enrichment_p	Coefficient	Coefficient_std_error	Coefficient_z-score
CGE	0.029448467990872244	0.3416194831320931	0.039618551197591924	11.60058591971509	1.3453518604048254	2.9198588783535374e-14	1.2839692903032716e-07	2.2967766055813035e-08	5.590309859405351
LGE	0.029448467990872244	0.3449343587776873	0.03983339945820946	11.71315122011108	1.3526475968310507	1.8813476649010536e-14	1.2574890925919675e-07	2.3532627716095282e-08	5.343598291540983
MGE	0.029448467990872244	0.3349963619788428	0.04040027110193221	11.375680462653515	1.3718972108992071	3.0118216182954287e-13	1.0643582855687969e-07	3.186074553612138e-08	3.3406571869515904
