Category	Prop._SNPs	Prop._h2	Prop._h2_std_error	Enrichment	Enrichment_std_error	Enrichment_p	Coefficient	Coefficient_std_error	Coefficient_z-score
CGE	0.029448467990872244	0.3307996723497565	0.06704203372641299	11.233170854670272	2.2765881657135143	1.4005227128781917e-05	2.969278214870672e-07	8.842919748853769e-08	3.3578029646323024
LGE	0.029448467990872244	0.3357335972085111	0.06762850897237742	11.400715219296774	2.2965034715333696	1.1455902564212296e-05	2.3920507571498386e-07	9.171953780742075e-08	2.608005681594598
MGE	0.029448467990872244	0.32348306411983563	0.0676411872751247	10.984716224290562	2.296933996569552	2.880900253916237e-05	2.406467448924525e-07	1.1226807969436786e-07	2.1435010338430596
