Category	Prop._SNPs	Prop._h2	Prop._h2_std_error	Enrichment	Enrichment_std_error	Enrichment_p	Coefficient	Coefficient_std_error	Coefficient_z-score
CGE	0.012224468429713082	0.15241265666740506	0.025293838226169523	12.467835108228286	2.0691155915368658	1.8220955409809987e-07	4.1881686021096034e-08	2.2398350723517775e-08	1.8698558004595038
LGE	0.013713440624549688	0.19052855260001472	0.0262142756124445	13.893563097428087	1.9115753901698396	5.668298393004018e-11	5.6703482539030145e-08	1.9515825636304002e-08	2.905512869183889
MGE	0.017842671198671264	0.22393572176104448	0.02812378310513624	12.55057156339466	1.5762092341437421	1.6004205775641513e-11	5.8729184653193046e-08	2.0292852849986565e-08	2.894082221329069
progenitor	0.01590814806315349	0.11691650221545026	0.026708945152878034	7.349472845695514	1.67894748319205	0.0002891521921649335	-3.263422447336186e-08	2.2301232587783168e-08	-1.4633372547865002
