Category	Prop._SNPs	Prop._h2	Prop._h2_std_error	Enrichment	Enrichment_std_error	Enrichment_p	Coefficient	Coefficient_std_error	Coefficient_z-score
CGE	0.012224468429713082	0.14900668507515438	0.022799566422460137	12.189215910032964	1.8650763060619449	5.114717386747541e-09	3.660759786078607e-08	2.7014291681573197e-08	1.3551196637799166
LGE	0.013713440624549688	0.21491289976597416	0.027607467333620753	15.671697982287455	2.0131685467903724	6.683283299910081e-12	9.894584538499079e-08	2.905265008951379e-08	3.4057425081749813
MGE	0.017842671198671264	0.21191770491244358	0.026480843207093378	11.877016762390655	1.484129977638404	2.769922204422946e-12	4.3936408598039594e-08	2.7819636881762066e-08	1.5793307721727785
progenitor	0.01590814806315349	0.14115572106831004	0.026856471486092222	8.873171189250836	1.688221116592275	4.436879282624298e-06	-3.1039290352347486e-08	2.7290230591503415e-08	-1.1373773573760608
